{
  "title": "Sobre nós",
  "meta_title": "Sobre nós",
  "meta_description": "Sobre nós",
  "body": "<!--StartFragment-->\n\n## Fran Confort\n\nQualidade e Conforto para seu bem estar e uma boa noite de sono.\n\nCompre online: Camas, Colchões e Travesseiros.\n\nEstamos no mercado há mais de 5 anos trazendo Produtos de Qualidade e Conforto\n\n\n\n<!--EndFragment-->",
  "sections": [
    {
      "type": "page-title"
    },
    {
      "type": "extra-page",
      "enabled": true
    },
    {
      "type": "dynamic-showcase",
      "load_more": false,
      "sort": "news"
    },
    {
      "type": "info-bar",
      "enabled": true
    }
  ]
}