{
  "meta_title": "",
  "meta_description": "",
  "sections": [
    {
      "type": "banner-slider",
      "autoplay": 9000,
      "full_width": false,
      "slides": [
        {
          "start": "",
          "end": "",
          "img": "/img/uploads/camabox.jpg",
          "mobile_img": "/img/uploads/camaboxm.jpg"
        },
        {
          "start": "",
          "end": "",
          "img": "/img/uploads/cabeceirasd.jpg",
          "mobile_img": "/img/uploads/cabeceirasmobile.jpg"
        },
        {
          "start": "",
          "end": "",
          "img": "/img/uploads/whatsapp-image-2023-08-28-at-11.30.54-1-.jpeg",
          "link": "https://www.franconfort.com.br/cama-box-bau",
          "mobile_img": "/img/uploads/whatsapp-image-2023-08-28-at-11.30.54.jpeg"
        },
        {
          "start": "",
          "end": "",
          "img": "/img/uploads/whatsapp-image-2023-08-28-at-11.30.54-2-.jpeg",
          "link": "https://www.franconfort.com.br/protetores",
          "mobile_img": "/img/uploads/whatsapp-image-2023-08-28-at-11.30.55.jpeg"
        }
      ]
    },
    {
      "type": "responsive-banner",
      "img": "/img/uploads/faixades.jpg",
      "mobile_img": "/img/uploads/faixamobile.jpg"
    },
    {
      "page": 1,
      "title": "Colchões",
      "shuffle": true,
      "headless": false,
      "type": "collection-shelf",
      "link": "https://www.franconfort.com.br/colchoes",
      "limit": 12,
      "collection_id": "61fc29dc7963422eeee7fbc0:categories:COLCHÕES:/colchoes",
      "sort": "news"
    },
    {
      "type": "collection-shelf",
      "shuffle": false,
      "limit": 12,
      "page": 1,
      "collection_id": "61fc29fd7963422eeee7fc2c:categories:TRAVESSEIROS:/travesseiros",
      "sort": "news",
      "title": "Travesseiros, veja mais ",
      "link": "https://www.franconfort.com.br/travesseiros"
    },
    {
      "type": "collection-shelf",
      "shuffle": false,
      "limit": 12,
      "page": 1,
      "collection_id": "6376898373321213f8e0bcd2:categories:SOFÁ:/204149",
      "sort": "news",
      "link": "https://www.franconfort.com.br/sofa",
      "title": "Sofás com os melhores preços "
    },
    {
      "type": "page-title",
      "title": "Mais Produtos"
    },
    {
      "type": "dynamic-showcase",
      "load_more": false,
      "sort": "news"
    },
    {
      "type": "info-bar",
      "enabled": true
    }
  ]
}